{
    "1": {
        "infoText": "To participate in this game, we need your approval to record your GPS signal.<br\/> This information will also be used in scientific research on trajectory analysis.<br\/>No data will be shared from which can be detected which signal belongs to whom.",
        "buttonText": "I accept"
    },
    "2": {
        "infoText": "You can now start the game.<br/>First you will get some questions, which you will let you get to know the town. Every correct answer will be rewarded with information on the end point.",
        "buttonText": "More..."
    },
    "3": {
        "infoText": "To win this game, you need to have the highest number of points. Points can be obtained by answering questions <b>right</b>, and in the meantime be <b>as close as possible</b> to the location belonging to the question. A question on a supermarket should therefore be answered <b>inside</b> the supermarket.",
        "buttonText": "More..."
    },
    "4": {
        "infoText": "Furthermore, you will be awarded one point per GPS coordinate.",
        "buttonText": "More..."
    },
    "5": {
        "infoText": "Mind you: when a team uses multiple devices, the number of points will be <b>added up</b>. We therefore recommend you to use as many devices as possible.",
        "buttonText": "More..."
    },
    "6": {
        "infoText": "In case of a tie, the <b>fastest team</b> will be appointed as the winner.",
        "buttonText": "To the first question"
    }
}