{
	"textItems": {
		"THE_ANSWER_IS": "Het antwoord is",
		"TO_ANSWER": "Beantwoorden",
		"CORRECT": "GOED",
		"WRONG": "FOUT",
		"NEW_INFORMATION": "Je krijgt nieuwe informatie over het eindpunt:",
		"NO_NEW_INFORMATION": "Je krijgt geen nieuwe informatie over het eindpunt:",
		"NEXT": "Volgende",
		"GO_TO_BUILDING": "Ga nu naar",
		"PUSH_BUTTON": "Druk op de knop hieronder als je <b>binnen</b> bent.",
		"PUSH_TOO_EARLY": "Eerder drukken levert strafpunten op!",
		"WE_ARE_INSIDE": "We zijn er!",
		"LOCATION_WILL_BE_CHECKED": "De opgegeven locatie zal worden gecontroleerd.<br/>Ga weer naar buiten.",
		"FOUND_COORDINATES": "We hebben de volgende coordinaten doorgekregen",
		"DISTANCE_TO_EXPECTED POINT": "De afstand tot het verwachte punt bedraagt",
		"NO_LOCATION_FOUND": "Er is geen locatie gevonden. Zorg ervoor dat de GPS sensor aanstaat.",
		"GAME_OVER": "Dit was de laatste vraag, het spel is afgelopen. Hartelijk dank voor het meedoen!",
		"CLICK_TO_CLOSE": "Klik hier om de antwoorden te uploaden en af te sluiten",
		"GPS_DISABLED": "Het GPS signaal is uitgeschakeld of nog niet ontvangen. Zet dit aan om verder te gaan, of wacht tot dit signaal weer beschikbaar is.",
		"UNABLE_TO_CLOSE_APP": "De app kan nog niet gesloten worden",
		"NO_INTERNET_AVAILABLE": "Er is geen internetverbinding beschikbaar"
	},
    "1": {
        "type": "multipleChoice",
        "question": "Welke kerk staat op deze foto?",
        "image": "images/grote-kerk.jpg",
        "answers": {
            "A": "Grote Kerk",
            "B": "Oude Kerk",
            "C": "St. Anne Kerk",
            "D": "Antoniuskerk"
        },
        "correctAnswer": "64d7d88c55b65fba782cb3454ff123f3",
        "explanation": "De Grote Kerk staat op de Oude Markt, het hart van het uitgaansleven in Enschede.",
        "latitude": "52.220556",
        "longitude": "6.895556",
        "reward": {
        	"type": "coordinateDigit",
        	"latOrLon": "latitude",
        	"position": "3",
        	"digit": "6"
    	}
    },
    "2": {
        "type": "enterBuilding",
        "building": "de Grote Kerk",
        "image": "images/grote-kerk.jpg",
        "latitude": "52.220556",
        "longitude": "6.895556",
        "reward": {
        	"type": "coordinateDigit",
        	"latOrLon": "latitude",
        	"position": "4",
        	"digit": "6"
    	}
    },
    "3": {
        "type": "multipleChoice",
        "question": "Welke bar zie je niet?",
        "image": "images/grote-kerk.jpg",
        "answers": {
            "A": "Paddy's",
            "B": "Molly Malone's",
            "C": "Aspen Valley",
            "D": "Vestingbar"
        },
        "correctAnswer": "006c02db0810c58e35a51a029c0d388b",
        "explanation": "De Vestingbar bevindt zich in de Bastille op de Campus.",
        "latitude": "52.220556",
        "longitude": "6.895556",
        "reward": {
        	"type": "coordinateDigit",
        	"latOrLon": "longitude",
        	"position": "3",
        	"digit": "6"
    	}
    },
    "4": {
        "type": "openQuestion",
        "question": "Wat kost een biertje bij Aspen Valley?",
        "image": "images/grote-kerk.jpg",
        "correctAnswer": "5d7fda00da3ed1907d6adf29237c3cf9",
        "explanation": "Een biertje bij Aspen Valley kan heel lekker zijn.",
        "latitude": "52.220556",
        "longitude": "6.895556",
        "reward": {
        	"type": "password",
        	"position": "1,3,5",
        	"letter": "A"
    	}
	}
}