{"textItems":{"LOCATION_WILL_BE_CHECKED":"De opgegeven locatie zal worden gecontroleerd.<br\/>Ga weer naar buiten.","QUESTION":"Vraag","NO_LOCATION_FOR_ONE_MINUTE":"Er is al een minuut geen nieuwe GPS locatie gevonden. Zorg dat de GPS sensor aanstaat, dit is makkelijk punten verdienen.","TO_ANSWER":"Beantwoorden","GO_TO_BUILDING":"Ga nu naar","UNABLE_TO_CLOSE_APP":"De app kan nog niet gesloten worden","NO_NEW_INFORMATION":"Je krijgt geen nieuwe informatie over het eindpunt:","FOUND_COORDINATES":"We hebben de volgende coordinaten doorgekregen","CLICK_TO_CLOSE":"Klik hier om de antwoorden te uploaden en af te sluiten","NEXT":"Volgende","GAME_OVER":"Dit was de laatste vraag, het spel is afgelopen. Hartelijk dank voor het meedoen!","WE_ARE_INSIDE":"We zijn er!","GPS_DISABLED":"Er is geen locatie gevonden. Zorg ervoor dat de GPS sensor aanstaat, en ga eventueel even naar buiten.","NEW_INFORMATION":"Je krijgt nieuwe informatie over het eindpunt:","PUSH_BUTTON":"Druk op de knop hieronder als je <b>binnen<\/b> bent. Denk eraan: hoe dichter bij je bent, hoe meer punten je krijgt.","NO_INTERNET_AVAILABLE":"Er is geen internetverbinding beschikbaar","DISTANCE_TO_EXPECTED POINT":"De afstand tot het verwachte punt bedraagt","THE_ANSWER_IS":"Het antwoord is","CORRECT":"GOED","WRONG":"FOUT"},"1":{"type":"multipleChoice","question":"Door wie werd het Nationaal Muziekkwartier in 2008 geopend?","image":"images\/q16.jpg","answers":{"D":"Hans Klok","A":"Bruce Springsteen","B":"Koningin Beatrix","C":"Giel Beelen"},"correctAnswer":"0db7cdd2bccce44368430bc4be1dcd59","explanation":"Onder regie van zes culturele instellingen, de Gemeente Enschede en de Provincie Overijssel is op 21 november 2008 het nieuwe Muziekkwartier door koningin Beatrix geopend.","latitude":"52.22272","longitude":"6.89569","reward":{"type":"coordinateDigit","latOrLon":"latitude","position":"0","digit":"5"}},"2":{"type":"multipleChoice","question":"Welke Nederlandse dichter schreef een gedicht over Caf&eacute; het Bolkwerk waarin hij zegt graag onder het caf&eacute; begraven te willen worden?","image":"images\/q11.jpg","answers":{"D":"Willem Wilmink","A":"Piet Paaltjens","B":"Bart Chabot","C":"Hans Dorresteijn"},"correctAnswer":"d87806c58cfe172fea6ccfc1ea311942","explanation":"&#39;Begraaf mij onder &#39;t Bolwerk, want al is crematie netter, ik wil boven stappen horen en het lied van Stormy Weather&#39;","latitude":"52.22141","longitude":"6.89505","reward":{"type":"coordinateDigit","latOrLon":"latitude","position":"1","digit":"2"}},"3":{"type":"multipleChoice","question":"Sinds 1996 zijn er gezelligheidsverenigingen in De Pakkerij gevestigd. Om hoeveel studentenverenigingen gaat het?","image":"images\/q9.jpg","answers":{"D":"5","A":"2","B":"3","C":"4"},"correctAnswer":"b1f42ae6c12c0b41cb5998a23142de4b","explanation":"De naam van het gebouw stamt uit de tijd dat de textielfabrikant van Heek het als pakhuis gebruikte. In 1992 werd de oud-Delftse rector magnificus Ben Veltman collegevoorzitter. Met het Delfste studentenleven heeft hij ervoor gezorgd dat de universiteit het pand heeft kunnen kopen. Sindsdien zijn de verenigingen C.S.V. Alpha, DSCC\/DJCR Audentis et Virtutis, A.S.V. Taste en AEGEE-Enschede in het pand gevestigd.","latitude":"52.22154","longitude":"6.89366","reward":{"type":"coordinateDigit","latOrLon":"latitude","position":"3","digit":"2"}},"4":{"type":"multipleChoice","question":"Op welke tijden gaat (ieder uur) een trein naar Utrecht?","image":"images\/q15.jpg","answers":{"D":"XX.16 en XX.45","A":"XX.19 en XX.49","B":"XX.02 en XX.30","C":"XX.57 en XX.03"},"correctAnswer":"9be34745a6cd351c9f3890daea73229e","explanation":"Het huidige stationsgebouw is van na de Tweede Wereldoorlog en werd geopend in 1950. Architect Schelling ontwierp in de jaren 40 en 50 diverse stationsgebouwen, waaronder die van Hengelo (1951), Zutphen (1952) en Arnhem (1954), die alle zijn gebouwd in de stijl van de Nieuwe Zakelijkheid.","latitude":"52.22237","longitude":"6.89037","reward":{"type":"coordinateDigit","latOrLon":"latitude","position":"4","digit":"2"}},"5":{"type":"multipleChoice","question":"Op Saxion Hogeschool kunnen studenten een HBO-opleiding volgen. Hoeveel studenten telde de instelling in studiejaar 2012-2013? ","image":"images\/q14.jpg","answers":{"D":"Ruim 24.000 studenten","A":"Ruim 14.000 studenten","B":"Ruim 16.000 studenten","C":"Ruim 20.000 studenten"},"correctAnswer":"2e3519d5ec8e3550ffaa12c8c97f7fa1","explanation":"In studiejaar 2012-2013 volgden 24.439 studenten (voltijd, deeltijd en duaal) hun opleiding bij Saxion.","latitude":"52.22081","longitude":"6.88388","reward":{"type":"coordinateDigit","latOrLon":"latitude","position":"5","digit":"0"}},"6":{"type":"multipleChoice","question":"Wat is de naam van het ziekenhuis in Enschede?","image":"images\/q22.jpg","answers":{"D":"Ziekenhuisgroep Twente","A":"Universitair Medisch Centrum Enschede","B":"Van Leeuwenhoek Ziekenhuis","C":"Medisch Spectrum Twente"},"correctAnswer":"d20b2a35bdfbeba773fef3bc147ceae7","explanation":"Medisch Spectrum Twente behoort tot de grootste niet-academische ziekenhuizen van Nederland. Het verzorgingsgebied is circa 264.000 inwoners groot. De organisatie heeft een erkenning voor 1070 bedden en is lid van de vereniging van topklinische ziekenhuizen.","latitude":"52.21722","longitude":"6.88984","reward":{"type":"coordinateDigit","latOrLon":"latitude","position":"6","digit":"7"}},"7":{"type":"multipleChoice","question":"Wallstreet is een studieruimte van Student Union, dat het mogelijk maakt om in de stad te studeren. Hoeveel studieplekken biedt Wallstreet?","image":"images\/q12.jpg","answers":{"D":"150","A":"30","B":"50","C":"100"},"correctAnswer":"790d4c412b652de329953fabf6233626","explanation":"Wallstreet biedt aan ongeveer 50 mensen de ruimte om te studeren in de binnenstad. Tijdens de tentamenweken zijn er aangepaste openingstijden.","latitude":"52.22007","longitude":"6.89423","reward":{"type":"coordinateDigit","latOrLon":"latitude","position":"7","digit":"2"}},"8":{"type":"multipleChoice","question":"Welke kroeg zit niet op de Oude Markt?","image":"images\/q7.jpg","answers":{"D":"Aspen Valley","A":"ZOZO","B":"Molly Malone","C":"Vestingbar"},"correctAnswer":"132777578208e441ca53ffdbd8ecca9a","explanation":"De Vestingbar is gelegen op de campus van de Universiteit Twente.","latitude":"52.22001","longitude":"6.89570","reward":{"type":"coordinateDigit","latOrLon":"latitude","position":"8","digit":"8"}},"9":{"type":"openQuestion","question":"Hoe duur is een gouden condoom?","image":"images\/q24.jpg","correctAnswer":"dc588d471c0caed26ec71b9828e12dfb","explanation":"1,00\t","latitude":"52.21984","longitude":"6.89601","reward":{"type":"coordinateDigit","latOrLon":"longitude","position":"0","digit":"6"}},"10":{"type":"openQuestion","question":"Welke kleur heeft de klok aan de Stadhuistoren?","image":"images\/q6.jpg","correctAnswer":"19414c8081f2f5004c7d8f3d4ee8d4af","explanation":"De stadhuisklok stamt uit 1930 en is even oud als het Stadhuis. Het uurwerk is nog altijd volledig in originele staat. Vroeger, toen nog niet iedereen in het bezit was van een horloge, was de Stadhuisklok voor velen de enige manier om de tijd in de gaten te houden.","latitude":"52.21949","longitude":"6.89679","reward":{"type":"coordinateDigit","latOrLon":"longitude","position":"2","digit":"8"}},"11":{"type":"multipleChoice","question":"Als je daar nog niet bent, ga naar het H.J. van Heekplein. Wie was Hendrik Jan van Heek?","image":"images\/q1.jpg","answers":{"D":"Wetenschapper","A":"Dichter","B":"Grondlegger Enschede","C":"Textielfabrikant"},"correctAnswer":"6149f5655d67e72aec5d3da754c7e1e8","explanation":"Hendrik Jan van Heek was grondlegger van de textielindustrie in Enschede. Het G.J. van Heekpark en Volkspark zijn geschonken door de familie van Heek om de arbeiders vertier te gunnen.","latitude":"52.21714","longitude":"6.89817","reward":{"type":"coordinateDigit","latOrLon":"longitude","position":"3","digit":"9"}},"12":{"type":"multipleChoice","question":"Als je daar nog niet bent, ga naar het H.J. van Heekplein. Aan het H.J. van Heekplein bevindt zich een overdekt winkelcentrum, De Klanderij. Wat kun je op het dak van De Klanderij vinden?","image":"images\/q3.jpg","answers":{"D":"Golfbaan","A":"Park","B":"Zwembad","C":"Parkeergarage"},"correctAnswer":"b2a88f1dbf0760f2258c7a56479e8ee5","explanation":"Op het dak bevindt zich een park met daar omheen appartementen.","latitude":"52.21714","longitude":"6.89817","reward":{"type":"coordinateDigit","latOrLon":"longitude","position":"4","digit":"5"}},"13":{"type":"openQuestion","question":"Ga naar de &quot;Action&quot; op Boulevard 1945. In welke kleur is het woord &#39;Welkom&#39; geschreven op het bord boven de ingang?","image":"images\/q5.jpg","correctAnswer":"3cba21ebb12552964ade47c91e9cc73d","explanation":"","latitude":"52.21638","longitude":"6.90218","reward":{"type":"coordinateDigit","latOrLon":"longitude","position":"5","digit":"5"}},"14":{"type":"multipleChoice","question":"Het Elderinkshuis overleefde als &eacute;&eacute;n van de weinige gebouwen de stadsbrand en is daarmee het oudste gebouw van Enschede. In welk jaar is het huis gebouwd?","image":"images\/q17.jpg","answers":{"D":"1904","A":"1783","B":"1802","C":"835"},"correctAnswer":"a3990b115f58545bb0fef2023340bc5e","explanation":"","latitude":"52.21962","longitude":"6.90038","reward":{"type":"coordinateDigit","latOrLon":"longitude","position":"6","digit":"2"}},"15":{"type":"multipleChoice","question":"Hoeveel kassa&#39;s heeft de Jumbo vestiging aan Noorderhagen?","image":"images\/q20.jpg","answers":{"D":"7","A":"4","B":"5","C":"6"},"correctAnswer":"d3d059d0de49a34479b1cad12cbda7f9","explanation":"","latitude":"52.22117","longitude":"6.89816","reward":{"type":"coordinateDigit","latOrLon":"longitude","position":"7","digit":"7"}}}